<?xml version="1.0"?>
<!DOCTYPE hibernate-mapping PUBLIC "-//Hibernate/Hibernate Mapping DTD 3.0//EN"
"http://www.hibernate.org/dtd/hibernate-mapping-3.0.dtd">
<hibernate-mapping>
	<class name="com.keylesson.persistence.Role" table="ROLE">
		<id name="roleId" type="int">
			<column name="ROLE_ID" />
			<generator class="identity" />
		</id>
		<property name="code" type="string">
			<column name="CODE" length="60" not-null="true" unique="true">
				<comment>cle role</comment>
			</column>
		</property>
		<property name="label" type="string">
			<column name="LABEL" length="100" not-null="true">
				<comment>libelle role</comment>
			</column>
		</property>
		<many-to-one name="user" class="com.keylesson.persistence.User"
			fetch="select">
			<column name="USER_ID" not-null="true">
				<comment></comment>
			</column>
		</many-to-one>
	</class>
</hibernate-mapping>
