<?xml version="1.0" encoding="UTF-8"?>
<beans xmlns="http://www.springframework.org/schema/beans"
       xmlns:xsi="http://www.w3.org/2001/XMLSchema-instance"
       xmlns:context="http://www.springframework.org/schema/context"
       xmlns:tx="http://www.springframework.org/schema/tx"
       xsi:schemaLocation="http://www.springframework.org/schema/beans
        http://www.springframework.org/schema/beans/spring-beans.xsd
        http://www.springframework.org/schema/context
        http://www.springframework.org/schema/context/spring-context-3.1.xsd
        http://www.springframework.org/schema/tx
        http://www.springframework.org/schema/tx/spring-tx-3.1.xsd" >

    <!-- we can use annotations -->
    <context:annotation-config/>

    <!-- package to look for annotated classes -->
    <context:component-scan base-package="org.timesheet.service.impl"/>

    <!-- we will manage transactions with annotations -->
    <tx:annotation-driven/>

    <!-- data source for our database -->
    <bean id="dataSource"
          class="org.springframework.jdbc.datasource.DriverManagerDataSource">
        <property name="driverClassName"
                  value="com.mysql.jdbc.jdbc2.optional.MysqlDataSource"/>
        <property name="url" value="jdbc:mysql://localhost/timesheet"/>
        <property name="username" value="root"/>
        <property name="password" value=""/>
    </bean>

    <bean id="transactionManager"
          class="org.springframework.orm.hibernate3.HibernateTransactionManager">
        <property name="sessionFactory" ref="sessionFactory" />
    </bean>

    <!-- configure hibernate session factory -->
    <bean id="sessionFactory"
          class="org.springframework.orm.hibernate3.annotation.AnnotationSessionFactoryBean">
        <property name="dataSource" ref="dataSource"/>
        <property name="annotatedClasses">
            <list>
                <value>org.timesheet.domain.Employee</value>
                <value>org.timesheet.domain.Manager</value>
                <value>org.timesheet.domain.Task</value>
                <value>org.timesheet.domain.Timesheet</value>
            </list>
        </property>
        <property name="hibernateProperties">
            <props>
                <prop key="dialect">org.hibernate.dialect.MySQL5InnoDBDialect</prop>
                <prop key="hibernate.show_sql">true</prop>
                <prop key="hibernate.hbm2ddl.auto">update</prop>
            </props>
        </property>
    </bean>
    
    <bean id="jdbcTemplate"
            class="org.springframework.jdbc.core.simple.SimpleJdbcTemplate">
        <constructor-arg type="javax.sql.DataSource" ref="dataSource"/>
    </bean>

</beans>
